{"IcoMoonType":"selection","icons":[{"icon":{"paths":["M810 170v86h-596v-86h148l44-42h212l44 42h148zM256 810v-512h512v512q0 34-26 60t-60 26h-340q-34 0-60-26t-26-60z"],"attrs":[{}],"isMulticolor":false,"isMulticolor2":false,"tags":["delete"],"grid":24},"attrs":[{}],"properties":{"order":1,"id":0,"prevSize":24,"code":59648,"name":"trash"},"setIdx":0,"setId":4,"iconIdx":0},{"icon":{"paths":["M804.571 420.571v109.714c0 30.286-24.571 54.857-54.857 54.857h-237.714v237.714c0 30.286-24.571 54.857-54.857 54.857h-109.714c-30.286 0-54.857-24.571-54.857-54.857v-237.714h-237.714c-30.286 0-54.857-24.571-54.857-54.857v-109.714c0-30.286 24.571-54.857 54.857-54.857h237.714v-237.714c0-30.286 24.571-54.857 54.857-54.857h109.714c30.286 0 54.857 24.571 54.857 54.857v237.714h237.714c30.286 0 54.857 24.571 54.857 54.857z"],"width":804.5714285714286,"attrs":[],"isMulticolor":false,"isMulticolor2":false,"tags":["plus"],"defaultCode":61543,"grid":14},"attrs":[],"properties":{"name":"plus","id":1,"order":5,"prevSize":28,"code":61543},"setIdx":1,"setId":3,"iconIdx":1},{"icon":{"paths":["M804.571 566.857v274.286c0 20-16.571 36.571-36.571 36.571h-219.429v-219.429h-146.286v219.429h-219.429c-20 0-36.571-16.571-36.571-36.571v-274.286c0-1.143 0.571-2.286 0.571-3.429l328.571-270.857 328.571 270.857c0.571 1.143 0.571 2.286 0.571 3.429zM932 527.429l-35.429 42.286c-2.857 3.429-7.429 5.714-12 6.286h-1.714c-4.571 0-8.571-1.143-12-4l-395.429-329.714-395.429 329.714c-4 2.857-8.571 4.571-13.714 4-4.571-0.571-9.143-2.857-12-6.286l-35.429-42.286c-6.286-7.429-5.143-19.429 2.286-25.714l410.857-342.286c24-20 62.857-20 86.857 0l139.429 116.571v-111.429c0-10.286 8-18.286 18.286-18.286h109.714c10.286 0 18.286 8 18.286 18.286v233.143l125.143 104c7.429 6.286 8.571 18.286 2.286 25.714z"],"width":950.8571428571428,"attrs":[],"isMulticolor":false,"isMulticolor2":false,"tags":["home"],"defaultCode":61461,"grid":14},"attrs":[],"properties":{"name":"home","id":24,"order":3,"prevSize":28,"code":61461},"setIdx":1,"setId":3,"iconIdx":24},{"icon":{"paths":["M256 256c0-40.571-32.571-73.143-73.143-73.143s-73.143 32.571-73.143 73.143 32.571 73.143 73.143 73.143 73.143-32.571 73.143-73.143zM865.714 585.143c0 19.429-8 38.286-21.143 51.429l-280.571 281.143c-13.714 13.143-32.571 21.143-52 21.143s-38.286-8-51.429-21.143l-408.571-409.143c-29.143-28.571-52-84-52-124.571v-237.714c0-40 33.143-73.143 73.143-73.143h237.714c40.571 0 96 22.857 125.143 52l408.571 408c13.143 13.714 21.143 32.571 21.143 52zM1085.143 585.143c0 19.429-8 38.286-21.143 51.429l-280.571 281.143c-13.714 13.143-32.571 21.143-52 21.143-29.714 0-44.571-13.714-64-33.714l268.571-268.571c13.143-13.143 21.143-32 21.143-51.429s-8-38.286-21.143-52l-408.571-408c-29.143-29.143-84.571-52-125.143-52h128c40.571 0 96 22.857 125.143 52l408.571 408c13.143 13.714 21.143 32.571 21.143 52z"],"width":1085.1474285714285,"attrs":[],"isMulticolor":false,"isMulticolor2":false,"tags":["tags"],"defaultCode":61484,"grid":14},"attrs":[],"properties":{"name":"tags","id":45,"order":4,"prevSize":28,"code":61484},"setIdx":1,"setId":3,"iconIdx":45},{"icon":{"paths":["M512 256c-141.384 0-256 114.616-256 256s114.616 256 256 256 256-114.616 256-256-114.616-256-256-256zM512 672v-320c88.224 0 160 71.776 160 160s-71.776 160-160 160zM512 832c35.346 0 64 28.654 64 64v64c0 35.346-28.654 64-64 64s-64-28.654-64-64v-64c0-35.346 28.654-64 64-64zM512 192c-35.346 0-64-28.654-64-64v-64c0-35.346 28.654-64 64-64s64 28.654 64 64v64c0 35.346-28.654 64-64 64zM960 448c35.346 0 64 28.654 64 64s-28.654 64-64 64h-64c-35.346 0-64-28.654-64-64s28.654-64 64-64h64zM192 512c0 35.346-28.654 64-64 64h-64c-35.346 0-64-28.654-64-64s28.654-64 64-64h64c35.346 0 64 28.654 64 64zM828.784 738.274l45.256 45.256c24.992 24.992 24.992 65.516 0 90.51-24.994 24.992-65.518 24.992-90.51 0l-45.256-45.256c-24.992-24.992-24.992-65.516 0-90.51 24.994-24.992 65.518-24.992 90.51 0zM195.216 285.726l-45.256-45.256c-24.994-24.994-24.994-65.516 0-90.51s65.516-24.994 90.51 0l45.256 45.256c24.994 24.994 24.994 65.516 0 90.51s-65.516 24.994-90.51 0zM828.784 285.726c-24.992 24.992-65.516 24.992-90.51 0-24.992-24.994-24.992-65.516 0-90.51l45.256-45.254c24.992-24.994 65.516-24.994 90.51 0 24.992 24.994 24.992 65.516 0 90.51l-45.256 45.254zM195.216 738.274c24.992-24.992 65.516-24.992 90.508 0 24.994 24.994 24.994 65.518 0 90.51l-45.254 45.256c-24.994 24.992-65.516 24.992-90.51 0-24.994-24.994-24.994-65.518 0-90.51l45.256-45.256z"],"tags":["brightness-contrast"],"defaultCode":59862,"grid":16,"attrs":[]},"attrs":[],"properties":{"ligatures":"brightness-contrast","name":"moon-over-sun","order":2,"id":215,"prevSize":32,"code":59862},"setIdx":3,"setId":1,"iconIdx":214}],"height":1024,"metadata":{"name":"icomoon"},"preferences":{"showGlyphs":true,"showQuickUse":true,"showQuickUse2":true,"showSVGs":true,"fontPref":{"prefix":"fa-","metadata":{"fontFamily":"icomoon","majorVersion":1,"minorVersion":0},"metrics":{"emSize":1024,"baseline":6.25,"whitespace":50},"embed":false,"autoHost":false,"postfix":"","showSelector":true,"selector":"class","showMetrics":false,"showVersion":false,"showMetadata":false,"classSelector":".fas"},"imagePref":{"prefix":"icon-","png":true,"useClassSelector":true,"color":0,"bgColor":16777215,"classSelector":".icon"},"historySize":50,"showCodes":true,"gridSize":16,"quickUsageToken":{"UntitledProject":"NWQ0NWE3ODFiYmJiMjc0YWUwODI5NWZhZGU5ZGFlMGMjMSMxNjgyNTQ5OTMzIyMjMGM2YzlmOTM3MGNh"}}}